team,player,batting_style,bowling_style,playing_role,image
Namibia,Michael van Lingen,Left hand Bat,"Left arm Medium, Slow Left arm Orthodox",Bowling Allrounder,"https://img1.hscicdn.com/image/upload/f_auto,t_ds_square_w_640,q_50/lsci/db/PICTURES/CMS/350300/350305.png"
Namibia,Divan la Cock,Right hand Bat,Legbreak,Opening Batter,"https://img1.hscicdn.com/image/upload/f_auto,t_ds_square_w_640,q_50/lsci/db/PICTURES/CMS/350300/350303.png"
Namibia,Jan Nicol Loftie-Eaton,Left hand Bat,"Right arm Medium, Legbreak",Batter,"https://img1.hscicdn.com/image/upload/f_auto,t_ds_square_w_640,q_50/lsci/db/PICTURES/CMS/348600/348606.png"
Namibia,Stephan Baard,Right hand Bat,Right arm Medium fast,Batter,"https://img1.hscicdn.com/image/upload/f_auto,t_ds_square_w_640,q_50/lsci/db/PICTURES/CMS/329700/329756.png"
Namibia,Gerhard Erasmus,Right hand Bat,Right arm Offbreak,Allrounder,"https://img1.hscicdn.com/image/upload/f_auto,t_ds_square_w_640,q_50/lsci/db/PICTURES/CMS/329700/329755.png"
Namibia,Jan Frylinck,Left hand Bat,Left arm Fast medium,Allrounder,"https://img1.hscicdn.com/image/upload/f_auto,t_ds_square_w_640,q_50/lsci/db/PICTURES/CMS/348600/348605.png"
Namibia,David Wiese,Right hand Bat,Right arm Medium fast,Allrounder,"https://img1.hscicdn.com/image/upload/f_auto,t_ds_square_w_640,q_50/lsci/db/PICTURES/CMS/322000/322079.png"
Namibia,JJ Smit,Right hand Bat,Left arm Medium fast,Bowling Allrounder,"https://img1.hscicdn.com/image/upload/f_auto,t_ds_square_w_640,q_50/lsci/db/PICTURES/CMS/329700/329762.png"
Namibia,Zane Green,Left hand Bat,,Wicketkeeper Batter,"https://img1.hscicdn.com/image/upload/f_auto,t_ds_square_w_640,q_50/lsci/db/PICTURES/CMS/350300/350307.png"
Namibia,Bernard Scholtz,Right hand Bat,Slow Left arm Orthodox,Bowler,"https://img1.hscicdn.com/image/upload/f_auto,t_ds_square_w_640,q_50/lsci/db/PICTURES/CMS/329700/329759.png"
Namibia,Ben Shikongo,Right hand Bat,Right arm Medium fast,Bowler,"https://img1.hscicdn.com/image/upload/f_auto,t_ds_square_w_640,q_50/lsci/db/PICTURES/CMS/329700/329760.png"
Sri Lanka,Pathum Nissanka,Right hand Bat,,Top order Batter,"https://img1.hscicdn.com/image/upload/f_auto,t_ds_square_w_640,q_50/lsci/db/PICTURES/CMS/323000/323070.png"
Sri Lanka,Kusal Mendis,Right hand Bat,Legbreak,Wicketkeeper Batter,"https://img1.hscicdn.com/image/upload/f_auto,t_ds_square_w_640,q_50/lsci/db/PICTURES/CMS/319800/319866.png"
Sri Lanka,Dhananjaya de Silva,Right hand Bat,Right arm Offbreak,Allrounder,"https://img1.hscicdn.com/image/upload/f_auto,t_ds_square_w_640,q_50/lsci/db/PICTURES/CMS/319800/319859.png"
Sri Lanka,Danushka Gunathilaka,Left hand Bat,Right arm Offbreak,Allrounder,"https://img1.hscicdn.com/image/upload/f_auto,t_ds_square_w_640,q_50/lsci/db/PICTURES/CMS/319800/319857.png"
Sri Lanka,Bhanuka Rajapaksa,Left hand Bat,Right arm Medium,Top order Batter,"https://img1.hscicdn.com/image/upload/f_auto,t_ds_square_w_640,q_50/lsci/db/PICTURES/CMS/340300/340306.png"
Sri Lanka,Dasun Shanaka,Right hand Bat,Right arm Medium,Allrounder,"https://img1.hscicdn.com/image/upload/f_auto,t_ds_square_w_640,q_50/lsci/db/PICTURES/CMS/328000/328058.png"
Sri Lanka,Wanindu Hasaranga,Right hand Bat,Legbreak,Allrounder,"https://img1.hscicdn.com/image/upload/f_auto,t_ds_square_w_640,q_50/lsci/db/PICTURES/CMS/322900/322946.png"
Sri Lanka,Chamika Karunaratne,Right hand Bat,Right arm Medium fast,Bowling Allrounder,https://wassets.hscicdn.com/static/images/lazyimage-transparent.png
Sri Lanka,Pramod Madushan,Right hand Bat,Right arm Medium fast,Bowler,"https://img1.hscicdn.com/image/upload/f_auto,t_ds_square_w_640,q_50/lsci/db/PICTURES/CMS/355400/355401.png"
Sri Lanka,Dushmantha Chameera,Right hand Bat,Right arm Fast,Bowler,"https://img1.hscicdn.com/image/upload/f_auto,t_ds_square_w_640,q_50/lsci/db/PICTURES/CMS/319800/319862.png"
Sri Lanka,Maheesh Theekshana,Right hand Bat,Right arm Offbreak,Bowler,"https://img1.hscicdn.com/image/upload/f_auto,t_ds_square_w_640,q_50/lsci/db/PICTURES/CMS/347800/347825.png"
United Arab Emirates,Chirag Suri,Right hand Bat,"Right arm Offbreak, Legbreak Googly",Opening Batter,"https://img1.hscicdn.com/image/upload/f_auto,t_ds_square_w_640,q_50/lsci/db/PICTURES/CMS/320000/320095.png"
United Arab Emirates,Muhammad Waseem,Right hand Bat,Right arm Medium,Opening Batter,"https://img1.hscicdn.com/image/upload/f_auto,t_ds_square_w_640,q_50/lsci/db/PICTURES/CMS/354900/354962.png"
United Arab Emirates,Kashif Daud,Right hand Bat,Right arm Medium fast,Bowling Allrounder,"https://img1.hscicdn.com/image/upload/f_auto,t_ds_square_w_640,q_50/lsci/db/PICTURES/CMS/351500/351562.png"
United Arab Emirates,Vriitya Aravind,Right hand Bat,,Wicketkeeper Batter,"https://img1.hscicdn.com/image/upload/f_auto,t_ds_square_w_640,q_50/lsci/db/PICTURES/CMS/354900/354964.png"
United Arab Emirates,Zawar Farid,Right hand Bat,Right arm Medium,Bowler,"https://img1.hscicdn.com/image/upload/f_auto,t_ds_square_w_640,q_50/lsci/db/PICTURES/CMS/354900/354966.png"
United Arab Emirates,Basil Hameed,Right hand Bat,Right arm Offbreak,Middle order Batter,"https://img1.hscicdn.com/image/upload/f_auto,t_ds_square_w_640,q_50/lsci/db/PICTURES/CMS/354900/354958.png"
United Arab Emirates,Chundangapoyil Rizwan,Right hand Bat,Legbreak Googly,Middle order Batter,"https://img1.hscicdn.com/image/upload/f_auto,t_ds_square_w_640,q_50/lsci/db/PICTURES/CMS/320300/320320.png"
United Arab Emirates,Aayan Afzal Khan,Right hand Bat,Slow Left arm Orthodox,Bowling Allrounder,"https://img1.hscicdn.com/image/upload/f_auto,t_ds_square_w_640,q_50/lsci/db/PICTURES/CMS/354900/354956.png"
United Arab Emirates,Karthik Meiyappan,Right hand Bat,Legbreak,Bowler,"https://img1.hscicdn.com/image/upload/f_auto,t_ds_square_w_640,q_50/lsci/db/PICTURES/CMS/351500/351563.png"
United Arab Emirates,Junaid Siddique,Right hand Bat,Right arm Medium fast,Bowler,"https://img1.hscicdn.com/image/upload/f_auto,t_ds_square_w_640,q_50/lsci/db/PICTURES/CMS/354900/354960.png"
United Arab Emirates,Zahoor Khan,Right hand Bat,Right arm Medium fast,Bowler,"https://img1.hscicdn.com/image/upload/f_auto,t_ds_square_w_640,q_50/lsci/db/PICTURES/CMS/320100/320104.png"
Netherlands,Vikramjit Singh,Left hand Bat,Right arm Medium,Opening Batter,"https://img1.hscicdn.com/image/upload/f_auto,t_h_100_2x/lsci/db/PICTURES/CMS/362800/362805.1.png"
Netherlands,Max O'Dowd,Right hand Bat,Right arm Offbreak,Opening Batter,"https://img1.hscicdn.com/image/upload/f_auto,t_ds_square_w_640,q_50/lsci/db/PICTURES/CMS/322500/322583.png"
Netherlands,Bas de Leede,Right hand Bat,Right arm Fast medium,Batting Allrounder,"https://img1.hscicdn.com/image/upload/f_auto,t_ds_square_w_640,q_50/lsci/db/PICTURES/CMS/322600/322637.png"
Netherlands,Colin Ackermann,Right hand Bat,Right arm Offbreak,Batting Allrounder,"https://img1.hscicdn.com/image/upload/f_auto,t_ds_square_w_640,q_50/lsci/db/PICTURES/CMS/322600/322638.png"
Netherlands,Tom Cooper,Right hand Bat,Right arm Offbreak,Middle order Batter,"https://img1.hscicdn.com/image/upload/f_auto,t_ds_square_w_640,q_50/lsci/db/PICTURES/CMS/322400/322485.png"
Netherlands,Scott Edwards,Right hand Bat,,Wicketkeeper Batter,"https://img1.hscicdn.com/image/upload/f_auto,t_ds_square_w_640,q_50/lsci/db/PICTURES/CMS/322500/322592.png"
Netherlands,Roelof van der Merwe,Right hand Bat,Slow Left arm Orthodox,Bowling Allrounder,"https://img1.hscicdn.com/image/upload/f_auto,t_ds_square_w_640,q_50/lsci/db/PICTURES/CMS/322500/322596.png"
Netherlands,Tim Pringle,Right hand Bat,Slow Left arm Orthodox,Allrounder,
Netherlands,Logan van Beek,Right hand Bat,Right arm Medium fast,Bowler,"https://img1.hscicdn.com/image/upload/f_auto,t_ds_square_w_640,q_50/lsci/db/PICTURES/CMS/331100/331170.png"
Netherlands,Fred Klaassen,Right hand Bat,Left arm Fast medium,Bowler,"https://img1.hscicdn.com/image/upload/f_auto,t_ds_square_w_640,q_50/lsci/db/PICTURES/CMS/324200/324241.png"
Netherlands,Paul van Meekeren,Right hand Bat,Right arm Fast medium,Bowler,"https://img1.hscicdn.com/image/upload/f_auto,t_ds_square_w_640,q_50/lsci/db/PICTURES/CMS/322600/322644.png"
Scotland,George Munsey,Left hand Bat,Right arm Medium fast,Opening Batter,"https://img1.hscicdn.com/image/upload/f_auto,t_ds_square_w_640,q_50/lsci/db/PICTURES/CMS/320300/320365.png"
Scotland,Michael Jones,Right hand Bat,Right arm Offbreak,Top order Batter,"https://img1.hscicdn.com/image/upload/f_auto,t_ds_square_w_640,q_50/lsci/db/PICTURES/CMS/322400/322444.png"
Scotland,Matthew Cross,Right hand Bat,,Wicketkeeper Batter,"https://img1.hscicdn.com/image/upload/f_auto,t_ds_square_w_640,q_50/lsci/db/PICTURES/CMS/316600/316680.png"
Scotland,Richie Berrington,Right hand Bat,Right arm Medium fast,Top order Batter,"https://img1.hscicdn.com/image/upload/f_auto,t_ds_square_w_640,q_50/lsci/db/PICTURES/CMS/316500/316587.png"
Scotland,Calum MacLeod,Right hand Bat,"Right arm Medium fast, Right arm Offbreak",Top order Batter,"https://img1.hscicdn.com/image/upload/f_auto,t_ds_square_w_640,q_50/lsci/db/PICTURES/CMS/316500/316597.png"
Scotland,Michael Leask,Right hand Bat,Right arm Offbreak,Allrounder,"https://img1.hscicdn.com/image/upload/f_auto,t_ds_square_w_640,q_50/lsci/db/PICTURES/CMS/316600/316678.png"
Scotland,Chris Greaves,Right hand Bat,Legbreak,Bowler,"https://img1.hscicdn.com/image/upload/f_auto,t_ds_square_w_640,q_50/lsci/db/PICTURES/CMS/329700/329745.png"
Scotland,Mark Watt,Left hand Bat,Slow Left arm Orthodox,Bowler,"https://img1.hscicdn.com/image/upload/f_auto,t_ds_square_w_640,q_50/lsci/db/PICTURES/CMS/320300/320372.png"
Scotland,Josh Davey,Right hand Bat,Right arm Medium fast,Bowler,"https://img1.hscicdn.com/image/upload/f_auto,t_ds_square_w_640,q_50/lsci/db/PICTURES/CMS/316600/316676.png"
Scotland,Safyaan Sharif,Right hand Bat,Right arm Medium fast,Bowler,"https://img1.hscicdn.com/image/upload/f_auto,t_ds_square_w_640,q_50/lsci/db/PICTURES/CMS/316600/316679.png"
Scotland,Brad Wheal,Right hand Bat,Right arm Fast medium,Bowler,"https://img1.hscicdn.com/image/upload/f_auto,t_ds_square_w_640,q_50/lsci/db/PICTURES/CMS/322400/322436.png"
West Indies,Kyle Mayers,Left hand Bat,Right arm Medium,Batting Allrounder,"https://img1.hscicdn.com/image/upload/f_auto,t_ds_square_w_640,q_50/lsci/db/PICTURES/CMS/322000/322024.png"
West Indies,Evin Lewis,Left hand Bat,,Opening Batter,"https://img1.hscicdn.com/image/upload/f_auto,t_ds_square_w_640,q_50/lsci/db/PICTURES/CMS/320000/320093.png"
West Indies,Brandon King,Right hand Bat,,Top order Batter,"https://img1.hscicdn.com/image/upload/f_auto,t_ds_square_w_640,q_50/lsci/db/PICTURES/CMS/321900/321983.png"
West Indies,Nicholas Pooran,Left hand Bat,Right arm Offbreak,Wicketkeeper Batter,"https://img1.hscicdn.com/image/upload/f_auto,t_ds_square_w_640,q_50/lsci/db/PICTURES/CMS/320100/320109.png"
West Indies,Shamarh Brooks,Right hand Bat,Legbreak,Top order Batter,"https://img1.hscicdn.com/image/upload/f_auto,t_ds_square_w_640,q_50/lsci/db/PICTURES/CMS/322000/322048.png"
West Indies,Rovman Powell,Right hand Bat,Right arm Medium fast,Middle order Batter,"https://img1.hscicdn.com/image/upload/f_auto,t_ds_square_w_640,q_50/lsci/db/PICTURES/CMS/322100/322172.png"
West Indies,Jason Holder,Right hand Bat,Right arm Medium fast,Bowling Allrounder,"https://img1.hscicdn.com/image/upload/f_auto,t_ds_square_w_640,q_50/lsci/db/PICTURES/CMS/316600/316673.png"
West Indies,Akeal Hosein,Left hand Bat,Slow Left arm Orthodox,Bowler,"https://img1.hscicdn.com/image/upload/f_auto,t_ds_square_w_640,q_50/lsci/db/PICTURES/CMS/321900/321939.png"
West Indies,Alzarri Joseph,Right hand Bat,Right arm Fast,Bowler,"https://img1.hscicdn.com/image/upload/f_auto,t_ds_square_w_640,q_50/lsci/db/PICTURES/CMS/321900/321943.png"
West Indies,Odean Smith,Right hand Bat,Right arm Fast medium,Bowling Allrounder,"https://img1.hscicdn.com/image/upload/f_auto,t_ds_square_w_640,q_50/lsci/db/PICTURES/CMS/351800/351853.png"
West Indies,Obed McCoy,Left hand Bat,Left arm Fast medium,Bowler,"https://img1.hscicdn.com/image/upload/f_auto,t_ds_square_w_640,q_50/lsci/db/PICTURES/CMS/322000/322031.png"
Zimbabwe,Regis Chakabva,Right hand Bat,Right arm Offbreak,Wicketkeeper Batter,"https://img1.hscicdn.com/image/upload/f_auto,t_ds_square_w_640,q_50/lsci/db/PICTURES/CMS/316600/316627.png"
Zimbabwe,Craig Ervine,Left hand Bat,Right arm Offbreak,Middle order Batter,"https://img1.hscicdn.com/image/upload/f_auto,t_ds_square_w_640,q_50/lsci/db/PICTURES/CMS/316500/316567.png"
Zimbabwe,Wessly Madhevere,Right hand Bat,Right arm Offbreak,Allrounder,"https://img1.hscicdn.com/image/upload/f_auto,t_ds_square_w_640,q_50/lsci/db/PICTURES/CMS/326500/326552.png"
Zimbabwe,Sean Williams,Left hand Bat,Slow Left arm Orthodox,Middle order Batter,"https://img1.hscicdn.com/image/upload/f_auto,t_ds_square_w_640,q_50/lsci/db/PICTURES/CMS/316500/316568.png"
Zimbabwe,Sikandar Raza,Right hand Bat,Right arm Offbreak,Batting Allrounder,"https://img1.hscicdn.com/image/upload/f_auto,t_ds_square_w_640,q_50/lsci/db/PICTURES/CMS/316600/316632.png"
Zimbabwe,Milton Shumba,Left hand Bat,Slow Left arm Orthodox,Top order Batter,"https://img1.hscicdn.com/image/upload/f_auto,t_h_100_2x/lsci/db/PICTURES/CMS/354000/354052.1.png"
Zimbabwe,Ryan Burl,Left hand Bat,Legbreak,Middle order Batter,"https://img1.hscicdn.com/image/upload/f_auto,t_ds_square_w_640,q_50/lsci/db/PICTURES/CMS/321400/321488.png"
Zimbabwe,Luke Jongwe,Right hand Bat,Right arm Fast medium,Allrounder,"https://img1.hscicdn.com/image/upload/f_auto,t_ds_square_w_640,q_50/lsci/db/PICTURES/CMS/348500/348593.png"
Zimbabwe,Tendai Chatara,Right hand Bat,Right arm Fast medium,Bowler,"https://img1.hscicdn.com/image/upload/f_auto,t_ds_square_w_640,q_50/lsci/db/PICTURES/CMS/316600/316683.png"
Zimbabwe,Richard Ngarava,Left hand Bat,Left arm Fast medium,Bowler,"https://img1.hscicdn.com/image/upload/f_auto,t_ds_square_w_640,q_50/lsci/db/PICTURES/CMS/348500/348597.png"
Zimbabwe,Blessing Muzarabani,Right hand Bat,Right arm Fast medium,Bowler,"https://img1.hscicdn.com/image/upload/f_auto,t_ds_square_w_640,q_50/lsci/db/PICTURES/CMS/321400/321471.png"
Ireland,Paul Stirling,Right hand Bat,Right arm Offbreak,Batting Allrounder,"https://img1.hscicdn.com/image/upload/f_auto,t_ds_square_w_640,q_50/lsci/db/PICTURES/CMS/316600/316638.png"
Ireland,Andy Balbirnie,Right hand Bat,Right arm Offbreak,Batter,"https://img1.hscicdn.com/image/upload/f_auto,t_ds_square_w_640,q_50/lsci/db/PICTURES/CMS/316600/316637.png"
Ireland,Lorcan Tucker,Right hand Bat,,Wicketkeeper Batter,"https://img1.hscicdn.com/image/upload/f_auto,t_ds_square_w_640,q_50/lsci/db/PICTURES/CMS/339100/339164.png"
Ireland,Harry Tector,Right hand Bat,Right arm Offbreak,Middle order Batter,"https://img1.hscicdn.com/image/upload/f_auto,t_ds_square_w_640,q_50/lsci/db/PICTURES/CMS/319800/319873.png"
Ireland,Curtis Campher,Right hand Bat,Right arm Medium fast,Allrounder,"https://img1.hscicdn.com/image/upload/f_auto,t_ds_square_w_640,q_50/lsci/db/PICTURES/CMS/321300/321343.png"
Ireland,George Dockrell,Right hand Bat,Slow Left arm Orthodox,Allrounder,"https://img1.hscicdn.com/image/upload/f_auto,t_ds_square_w_640,q_50/lsci/db/PICTURES/CMS/316600/316659.png"
Ireland,Gareth Delany,Right hand Bat,Legbreak Googly,Batting Allrounder,"https://img1.hscicdn.com/image/upload/f_auto,t_ds_square_w_640,q_50/lsci/db/PICTURES/CMS/319800/319872.png"
Ireland,Mark Adair,Right hand Bat,Right arm Fast medium,Bowling Allrounder,"https://img1.hscicdn.com/image/upload/f_auto,t_ds_square_w_640,q_50/lsci/db/PICTURES/CMS/319800/319892.png"
Ireland,Simi Singh,Right hand Bat,"Right arm Offbreak, Legbreak Googly",Bowling Allrounder,"https://img1.hscicdn.com/image/upload/f_auto,t_ds_square_w_640,q_50/lsci/db/PICTURES/CMS/319800/319897.png"
Ireland,Barry McCarthy,Right hand Bat,Right arm Fast medium,Bowler,"https://img1.hscicdn.com/image/upload/f_auto,t_ds_square_w_640,q_50/lsci/db/PICTURES/CMS/319800/319870.png"
Ireland,Josh Little,Right hand Bat,Left arm Fast medium,Bowler,"https://img1.hscicdn.com/image/upload/f_auto,t_ds_square_w_640,q_50/lsci/db/PICTURES/CMS/319800/319874.png"
Netherlands,Timm van der Gugten,Right hand Bat,Right arm Fast medium,Bowler,"https://img1.hscicdn.com/image/upload/f_auto,t_ds_square_w_640,q_50/lsci/db/PICTURES/CMS/322600/322642.png"
Sri Lanka,Charith Asalanka,Left hand Bat,Right arm Offbreak,Batting Allrounder,"https://img1.hscicdn.com/image/upload/f_auto,t_ds_square_w_640,q_50/lsci/db/PICTURES/CMS/348500/348599.png"
United Arab Emirates,Aryan Lakra,Left hand Bat,Slow Left arm Orthodox,Bowler,"https://img1.hscicdn.com/image/upload/f_auto,t_ds_square_w_640,q_50/lsci/db/PICTURES/CMS/354900/354957.png"
West Indies,Johnson Charles,Right hand Bat,,Wicketkeeper Batter,"https://img1.hscicdn.com/image/upload/f_auto,t_ds_square_w_640,q_50/lsci/db/PICTURES/CMS/322000/322008.png"
Zimbabwe,Tony Munyonga,Right hand Bat,Right arm Offbreak,Allrounder,"https://img1.hscicdn.com/image/upload/f_auto,t_ds_square_w_640,q_50/lsci/db/PICTURES/CMS/348500/348594.png"
Sri Lanka,Lahiru Kumara,Left hand Bat,Right arm Fast,Bowler,"https://img1.hscicdn.com/image/upload/f_auto,t_ds_square_w_640,q_50/lsci/db/PICTURES/CMS/322900/322942.png"
Sri Lanka,Binura Fernando,Right hand Bat,Left arm Medium fast,Bowler,"https://img1.hscicdn.com/image/upload/f_auto,t_ds_square_w_640,q_50/lsci/db/PICTURES/CMS/329900/329936.png"
United Arab Emirates,Alishan Sharafu,Right hand Bat,Right arm Medium,Opening Batter,"https://img1.hscicdn.com/image/upload/f_auto,t_ds_square_w_640,q_50/lsci/db/PICTURES/CMS/351800/351852.png"
United Arab Emirates,Fahad Nawaz,Right hand Bat,Slow Left arm Orthodox,Allrounder,"https://img1.hscicdn.com/image/upload/f_auto,t_ds_square_w_640,q_50/lsci/db/PICTURES/CMS/354900/354959.png"
United Arab Emirates,Ahmed Raza,Right hand Bat,Slow Left arm Orthodox,Bowler,"https://img1.hscicdn.com/image/upload/f_auto,t_ds_square_w_640,q_50/lsci/db/PICTURES/CMS/320000/320094.png"
Namibia,Ruben Trumpelmann,Right hand Bat,Left arm Fast,Bowler,"https://img1.hscicdn.com/image/upload/f_auto,t_ds_square_w_640,q_50/lsci/db/PICTURES/CMS/348600/348607.png"
New Zealand,Finn Allen,Right hand Bat,,Top order Batter,"https://img1.hscicdn.com/image/upload/f_auto,t_ds_square_w_640,q_50/lsci/db/PICTURES/CMS/321200/321220.png"
New Zealand,Devon Conway,Left hand Bat,Right arm Medium,Wicketkeeper Batter,"https://img1.hscicdn.com/image/upload/f_auto,t_ds_square_w_640,q_50/lsci/db/PICTURES/CMS/321200/321214.png"
New Zealand,Kane Williamson,Right hand Bat,Right arm Offbreak,Top order Batter,"https://img1.hscicdn.com/image/upload/f_auto,t_ds_square_w_640,q_50/lsci/db/PICTURES/CMS/316600/316618.png"
New Zealand,Glenn Phillips,Right hand Bat,Right arm Offbreak,Wicketkeeper Batter,"https://img1.hscicdn.com/image/upload/f_auto,t_ds_square_w_640,q_50/lsci/db/PICTURES/CMS/321200/321223.png"
New Zealand,James Neesham,Left hand Bat,Right arm Medium fast,Batting Allrounder,"https://img1.hscicdn.com/image/upload/f_auto,t_ds_square_w_640,q_50/lsci/db/PICTURES/CMS/319700/319781.png"
New Zealand,Mark Chapman,Left hand Bat,Slow Left arm Orthodox,Allrounder,"https://img1.hscicdn.com/image/upload/f_auto,t_ds_square_w_640,q_50/lsci/db/PICTURES/CMS/321200/321241.png"
New Zealand,Mitchell Santner,Left hand Bat,Slow Left arm Orthodox,Bowling Allrounder,"https://img1.hscicdn.com/image/upload/f_auto,t_ds_square_w_640,q_50/lsci/db/PICTURES/CMS/319700/319792.png"
New Zealand,Ish Sodhi,Right hand Bat,Legbreak,Bowler,"https://img1.hscicdn.com/image/upload/f_auto,t_ds_square_w_640,q_50/lsci/db/PICTURES/CMS/319700/319778.png"
New Zealand,Tim Southee,Right hand Bat,Right arm Medium fast,Bowler,"https://img1.hscicdn.com/image/upload/f_auto,t_ds_square_w_640,q_50/lsci/db/PICTURES/CMS/316500/316596.png"
New Zealand,Lockie Ferguson,Right hand Bat,Right arm Fast,Bowler,"https://img1.hscicdn.com/image/upload/f_auto,t_ds_square_w_640,q_50/lsci/db/PICTURES/CMS/321200/321239.png"
New Zealand,Trent Boult,Right hand Bat,Left arm Fast medium,Bowler,"https://img1.hscicdn.com/image/upload/f_auto,t_ds_square_w_640,q_50/lsci/db/PICTURES/CMS/316600/316619.png"
Australia,David Warner,Left hand Bat,Legbreak,Opening Batter,"https://img1.hscicdn.com/image/upload/f_auto,t_ds_square_w_640,q_50/lsci/db/PICTURES/CMS/316500/316589.png"
Australia,Aaron Finch,Right hand Bat,Slow Left arm Orthodox,Top order Batter,"https://img1.hscicdn.com/image/upload/f_auto,t_ds_square_w_640,q_50/lsci/db/PICTURES/CMS/316500/316533.png"
Australia,Mitchell Marsh,Right hand Bat,Right arm Medium,Allrounder,"https://img1.hscicdn.com/image/upload/f_auto,t_ds_square_w_640,q_50/lsci/db/PICTURES/CMS/316600/316612.png"
Australia,Glenn Maxwell,Right hand Bat,Right arm Offbreak,Batting Allrounder,"https://img1.hscicdn.com/image/upload/f_auto,t_ds_square_w_640,q_50/lsci/db/PICTURES/CMS/316600/316657.png"
Australia,Marcus Stoinis,Right hand Bat,Right arm Medium,Batting Allrounder,"https://img1.hscicdn.com/image/upload/f_auto,t_ds_square_w_640,q_50/lsci/db/PICTURES/CMS/321500/321596.png"
Australia,Tim David,Right hand Bat,Right arm Offbreak,Middle order Batter,"https://img1.hscicdn.com/image/upload/f_auto,t_ds_square_w_640,q_50/lsci/db/PICTURES/CMS/340300/340305.png"
Australia,Matthew Wade,Left hand Bat,Right arm Medium,Wicketkeeper Batter,"https://img1.hscicdn.com/image/upload/f_auto,t_ds_square_w_640,q_50/lsci/db/PICTURES/CMS/316500/316594.png"
Australia,Pat Cummins,Right hand Bat,Right arm Fast,Bowler,"https://img1.hscicdn.com/image/upload/f_auto,t_ds_square_w_640,q_50/lsci/db/PICTURES/CMS/316600/316692.png"
Australia,Mitchell Starc,Left hand Bat,Left arm Fast,Bowler,"https://img1.hscicdn.com/image/upload/f_auto,t_ds_square_w_640,q_50/lsci/db/PICTURES/CMS/316600/316644.png"
Australia,Adam Zampa,Right hand Bat,Legbreak Googly,Bowler,"https://img1.hscicdn.com/image/upload/f_auto,t_ds_square_w_640,q_50/lsci/db/PICTURES/CMS/321500/321549.png"
Australia,Josh Hazlewood,Left hand Bat,Right arm Fast medium,Bowler,"https://img1.hscicdn.com/image/upload/f_auto,t_ds_square_w_640,q_50/lsci/db/PICTURES/CMS/316600/316622.png"
Afghanistan,Hazratullah Zazai,Left hand Bat,Slow Left arm Orthodox,Opening Batter,"https://img1.hscicdn.com/image/upload/f_auto,t_ds_square_w_640,q_50/lsci/db/PICTURES/CMS/320400/320497.png"
Afghanistan,Rahmanullah Gurbaz,Right hand Bat,,Wicketkeeper Batter,"https://img1.hscicdn.com/image/upload/f_auto,t_ds_square_w_640,q_50/lsci/db/PICTURES/CMS/320500/320504.png"
Afghanistan,Ibrahim Zadran,Right hand Bat,Right arm Medium fast,Opening Batter,"https://img1.hscicdn.com/image/upload/f_auto,t_ds_square_w_640,q_50/lsci/db/PICTURES/CMS/321300/321311.png"
Afghanistan,Usman Ghani,Right hand Bat,,Opening Batter,"https://img1.hscicdn.com/image/upload/f_auto,t_ds_square_w_640,q_50/lsci/db/PICTURES/CMS/316700/316708.png"
Afghanistan,Najibullah Zadran,Left hand Bat,Right arm Offbreak,Middle order Batter,"https://img1.hscicdn.com/image/upload/f_auto,t_ds_square_w_640,q_50/lsci/db/PICTURES/CMS/316600/316698.png"
Afghanistan,Mohammad Nabi,Right hand Bat,Right arm Offbreak,Allrounder,"https://img1.hscicdn.com/image/upload/f_auto,t_ds_square_w_640,q_50/lsci/db/PICTURES/CMS/316500/316558.png"
Afghanistan,Azmatullah Omarzai,Right hand Bat,Right arm Medium fast,Allrounder,"https://img1.hscicdn.com/image/upload/f_auto,t_h_100_2x/lsci/db/PICTURES/CMS/347800/347832.4.jpg"
Afghanistan,Rashid Khan,Right hand Bat,Legbreak Googly,Bowling Allrounder,"https://img1.hscicdn.com/image/upload/f_auto,t_ds_square_w_640,q_50/lsci/db/PICTURES/CMS/320500/320506.png"
Afghanistan,Mujeeb Ur Rahman,Right hand Bat,Right arm Offbreak,Bowler,"https://img1.hscicdn.com/image/upload/f_auto,t_ds_square_w_640,q_50/lsci/db/PICTURES/CMS/320500/320501.png"
Afghanistan,Fareed Ahmad,Left hand Bat,Left arm Fast medium,Bowler,"https://img1.hscicdn.com/image/upload/f_auto,t_ds_square_w_640,q_50/lsci/db/PICTURES/CMS/320400/320494.png"
Afghanistan,Fazalhaq Farooqi,Right hand Bat,Left arm Fast medium,Bowler,"https://img1.hscicdn.com/image/upload/f_auto,t_ds_square_w_640,q_50/lsci/db/PICTURES/CMS/345000/345077.png"
England,Jos Buttler,Right hand Bat,,Wicketkeeper Batter,"https://img1.hscicdn.com/image/upload/f_auto,t_ds_square_w_640,q_50/lsci/db/PICTURES/CMS/316600/316642.png"
England,Alex Hales,Right hand Bat,Right arm Medium,Opening Batter,"https://img1.hscicdn.com/image/upload/f_auto,t_ds_square_w_640,q_50/lsci/db/PICTURES/CMS/316600/316604.png"
England,Dawid Malan,Left hand Bat,Legbreak,Top order Batter,"https://img1.hscicdn.com/image/upload/f_auto,t_ds_square_w_640,q_50/lsci/db/PICTURES/CMS/323000/323003.png"
England,Ben Stokes,Left hand Bat,Right arm Fast medium,Allrounder,"https://img1.hscicdn.com/image/upload/f_auto,t_ds_square_w_640,q_50/lsci/db/PICTURES/CMS/319700/319748.png"
England,Liam Livingstone,Right hand Bat,"Right arm Offbreak, Legbreak",Batting Allrounder,"https://img1.hscicdn.com/image/upload/f_auto,t_ds_square_w_640,q_50/lsci/db/PICTURES/CMS/323100/323103.png"
England,Harry Brook,Right hand Bat,Right arm Medium,Batter,"https://img1.hscicdn.com/image/upload/f_auto,t_ds_square_w_640,q_50/lsci/db/PICTURES/CMS/324200/324246.png"
England,Moeen Ali,Left hand Bat,Right arm Offbreak,Batting Allrounder,"https://img1.hscicdn.com/image/upload/f_auto,t_ds_square_w_640,q_50/lsci/db/PICTURES/CMS/316500/316557.png"
England,Chris Woakes,Right hand Bat,Right arm Fast medium,Allrounder,"https://img1.hscicdn.com/image/upload/f_auto,t_ds_square_w_640,q_50/lsci/db/PICTURES/CMS/316600/316603.png"
England,Sam Curran,Left hand Bat,Left arm Medium fast,Allrounder,"https://img1.hscicdn.com/image/upload/f_auto,t_ds_square_w_640,q_50/lsci/db/PICTURES/CMS/323100/323113.png"
England,Adil Rashid,Right hand Bat,Legbreak,Bowler,"https://img1.hscicdn.com/image/upload/f_auto,t_ds_square_w_640,q_50/lsci/db/PICTURES/CMS/319700/319741.png"
England,Mark Wood,Right hand Bat,Right arm Fast,Bowler,"https://img1.hscicdn.com/image/upload/f_auto,t_ds_square_w_640,q_50/lsci/db/PICTURES/CMS/316600/316660.png"
Sri Lanka,Ashen Bandara,Right hand Bat,Legbreak,Middle order Batter,"https://img1.hscicdn.com/image/upload/f_auto,t_ds_square_w_640,q_50/lsci/db/PICTURES/CMS/323000/323079.png"
Pakistan,Mohammad Rizwan,Right hand Bat,,Wicketkeeper Batter,"https://img1.hscicdn.com/image/upload/f_auto,t_ds_square_w_640,q_50/lsci/db/PICTURES/CMS/320400/320458.png"
Pakistan,Babar Azam,Right hand Bat,Right arm Offbreak,Batter,"https://img1.hscicdn.com/image/upload/f_auto,t_ds_square_w_640,q_50/lsci/db/PICTURES/CMS/320400/320448.png"
Pakistan,Shan Masood,Left hand Bat,Right arm Medium fast,Opening Batter,"https://img1.hscicdn.com/image/upload/f_auto,t_ds_square_w_640,q_50/lsci/db/PICTURES/CMS/322200/322251.png"
Pakistan,Iftikhar Ahmed,Right hand Bat,Right arm Offbreak,Middle order Batter,"https://img1.hscicdn.com/image/upload/f_auto,t_ds_square_w_640,q_50/lsci/db/PICTURES/CMS/322100/322153.png"
Pakistan,Shadab Khan,Right hand Bat,Legbreak,Allrounder,"https://img1.hscicdn.com/image/upload/f_auto,t_ds_square_w_640,q_50/lsci/db/PICTURES/CMS/320400/320467.png"
Pakistan,Haider Ali,Right hand Bat,,Middle order Batter,"https://img1.hscicdn.com/image/upload/f_auto,t_ds_square_w_640,q_50/lsci/db/PICTURES/CMS/322200/322204.png"
Pakistan,Mohammad Nawaz,Left hand Bat,Slow Left arm Orthodox,Allrounder,"https://img1.hscicdn.com/image/upload/f_auto,t_ds_square_w_640,q_50/lsci/db/PICTURES/CMS/322200/322217.png"
Pakistan,Asif Ali,Right hand Bat,Right arm Offbreak,Middle order Batter,"https://img1.hscicdn.com/image/upload/f_auto,t_ds_square_w_640,q_50/lsci/db/PICTURES/CMS/322100/322192.png"
Pakistan,Shaheen Shah Afridi,Left hand Bat,Left arm Fast,Bowler,"https://img1.hscicdn.com/image/upload/f_auto,t_ds_square_w_640,q_50/lsci/db/PICTURES/CMS/322200/322250.png"
Pakistan,Haris Rauf,Right hand Bat,Right arm Fast,Bowler,"https://img1.hscicdn.com/image/upload/f_auto,t_ds_square_w_640,q_50/lsci/db/PICTURES/CMS/322200/322202.png"
Pakistan,Naseem Shah,Right hand Bat,Right arm Fast,Bowler,"https://img1.hscicdn.com/image/upload/f_auto,t_ds_square_w_640,q_50/lsci/db/PICTURES/CMS/322200/322223.png"
India,KL Rahul,Right hand Bat,,Wicketkeeper Batter,"https://img1.hscicdn.com/image/upload/f_auto,t_ds_square_w_640,q_50/lsci/db/PICTURES/CMS/319900/319942.png"
India,Rohit Sharma,Right hand Bat,Right arm Offbreak,Top order Batter,"https://img1.hscicdn.com/image/upload/f_auto,t_ds_square_w_640,q_50/lsci/db/PICTURES/CMS/316500/316584.png"
India,Virat Kohli,Right hand Bat,Right arm Medium,Top order Batter,"https://img1.hscicdn.com/image/upload/f_auto,t_ds_square_w_640,q_50/lsci/db/PICTURES/CMS/316600/316605.png"
India,Suryakumar Yadav,Right hand Bat,"Right arm Medium, Right arm Offbreak",Batter,"https://img1.hscicdn.com/image/upload/f_auto,t_ds_square_w_640,q_50/lsci/db/PICTURES/CMS/331100/331163.png"
India,Axar Patel,Left hand Bat,Slow Left arm Orthodox,Bowling Allrounder,"https://img1.hscicdn.com/image/upload/f_auto,t_ds_square_w_640,q_50/lsci/db/PICTURES/CMS/331100/331164.png"
India,Hardik Pandya,Right hand Bat,Right arm Medium fast,Allrounder,"https://img1.hscicdn.com/image/upload/f_auto,t_ds_square_w_640,q_50/lsci/db/PICTURES/CMS/319900/319938.png"
India,Dinesh Karthik,Right hand Bat,Right arm Offbreak,Wicketkeeper Batter,"https://img1.hscicdn.com/image/upload/f_auto,t_ds_square_w_640,q_50/lsci/db/PICTURES/CMS/319900/319934.png"
India,Ravichandran Ashwin,Right hand Bat,Right arm Offbreak,Bowling Allrounder,"https://img1.hscicdn.com/image/upload/f_auto,t_ds_square_w_640,q_50/lsci/db/PICTURES/CMS/316500/316521.png"
India,Mohammed Shami,Right hand Bat,Right arm Fast,Bowler,"https://img1.hscicdn.com/image/upload/f_auto,t_ds_square_w_640,q_50/lsci/db/PICTURES/CMS/316600/316691.png"
India,Bhuvneshwar Kumar,Right hand Bat,Right arm Medium,Bowler,"https://img1.hscicdn.com/image/upload/f_auto,t_ds_square_w_640,q_50/lsci/db/PICTURES/CMS/316600/316658.png"
India,Arshdeep Singh,Left hand Bat,Left arm Medium fast,Bowler,"https://img1.hscicdn.com/image/upload/f_auto,t_ds_square_w_640,q_50/lsci/db/PICTURES/CMS/322100/322178.png"
Bangladesh,Najmul Hossain Shanto,Left hand Bat,Right arm Offbreak,Top order Batter,"https://img1.hscicdn.com/image/upload/f_auto,t_ds_square_w_640,q_50/lsci/db/PICTURES/CMS/323100/323155.png"
Bangladesh,Soumya Sarkar,Left hand Bat,Right arm Medium fast,Middle order Batter,"https://img1.hscicdn.com/image/upload/f_auto,t_ds_square_w_640,q_50/lsci/db/PICTURES/CMS/316600/316685.png"
Bangladesh,Litton Das,Right hand Bat,Right arm Offbreak,Wicketkeeper Batter,"https://img1.hscicdn.com/image/upload/f_auto,t_ds_square_w_640,q_50/lsci/db/PICTURES/CMS/319700/319727.png"
Bangladesh,Shakib Al Hasan,Left hand Bat,Slow Left arm Orthodox,Allrounder,"https://img1.hscicdn.com/image/upload/f_auto,t_ds_square_w_640,q_50/lsci/db/PICTURES/CMS/316500/316581.png"
Bangladesh,Afif Hossain,Left hand Bat,Right arm Offbreak,Allrounder,"https://img1.hscicdn.com/image/upload/f_auto,t_ds_square_w_640,q_50/lsci/db/PICTURES/CMS/323100/323159.png"
Bangladesh,Yasir Ali,Right hand Bat,Right arm Offbreak,Middle order Batter,"https://img1.hscicdn.com/image/upload/f_auto,t_h_100_2x/lsci/db/PICTURES/CMS/179500/179555.1.jpg"
Bangladesh,Nurul Hasan,Right hand Bat,,Wicketkeeper Batter,"https://img1.hscicdn.com/image/upload/f_auto,t_ds_square_w_640,q_50/lsci/db/PICTURES/CMS/323100/323162.png"
Bangladesh,Mosaddek Hossain,Right hand Bat,Right arm Offbreak,Middle order Batter,"https://img1.hscicdn.com/image/upload/f_auto,t_ds_square_w_640,q_50/lsci/db/PICTURES/CMS/319700/319733.png"
Bangladesh,Taskin Ahmed,Left hand Bat,Right arm Fast,Bowler,"https://img1.hscicdn.com/image/upload/f_auto,t_ds_square_w_640,q_50/lsci/db/PICTURES/CMS/316700/316703.png"
Bangladesh,Hasan Mahmud,Right hand Bat,Right arm Fast medium,Bowler,"https://img1.hscicdn.com/image/upload/f_auto,t_ds_square_w_640,q_50/lsci/db/PICTURES/CMS/323100/323172.png"
Bangladesh,Mustafizur Rahman,Left hand Bat,Left arm Fast medium,Bowler,"https://img1.hscicdn.com/image/upload/f_auto,t_ds_square_w_640,q_50/lsci/db/PICTURES/CMS/319700/319734.png"
Netherlands,Shariz Ahmad,Left hand Bat,Legbreak Googly,Bowler,"https://img1.hscicdn.com/image/upload/f_auto,t_h_100_2x/lsci/db/PICTURES/CMS/362800/362803.1.png"
South Africa,Quinton de Kock,Left hand Bat,,Wicketkeeper Batter,"https://img1.hscicdn.com/image/upload/f_auto,t_ds_square_w_640,q_50/lsci/db/PICTURES/CMS/316600/316668.png"
South Africa,Temba Bavuma,Right hand Bat,Right arm Medium,Middle order Batter,"https://img1.hscicdn.com/image/upload/f_auto,t_ds_square_w_640,q_50/lsci/db/PICTURES/CMS/320300/320389.png"
South Africa,Rilee Rossouw,Left hand Bat,Right arm Offbreak,Top order Batter,"https://img1.hscicdn.com/image/upload/f_auto,t_ds_square_w_640,q_50/lsci/db/PICTURES/CMS/316600/316651.png"
South Africa,Aiden Markram,Right hand Bat,Right arm Offbreak,Opening Batter,"https://img1.hscicdn.com/image/upload/f_auto,t_ds_square_w_640,q_50/lsci/db/PICTURES/CMS/322000/322067.png"
South Africa,David Miller,Left hand Bat,Right arm Offbreak,Middle order Batter,"https://img1.hscicdn.com/image/upload/f_auto,t_ds_square_w_640,q_50/lsci/db/PICTURES/CMS/316600/316655.png"
South Africa,Tristan Stubbs,Right hand Bat,Right arm Offbreak,Wicketkeeper Batter,"https://img1.hscicdn.com/image/upload/f_auto,t_ds_square_w_640,q_50/lsci/db/PICTURES/CMS/348500/348577.png"
South Africa,Wayne Parnell,Left hand Bat,Left arm Medium fast,Bowler,"https://img1.hscicdn.com/image/upload/f_auto,t_ds_square_w_640,q_50/lsci/db/PICTURES/CMS/316600/316608.png"
South Africa,Keshav Maharaj,Right hand Bat,Slow Left arm Orthodox,Bowler,"https://img1.hscicdn.com/image/upload/f_auto,t_ds_square_w_640,q_50/lsci/db/PICTURES/CMS/322000/322072.png"
South Africa,Kagiso Rabada,Left hand Bat,Right arm Fast,Bowler,"https://img1.hscicdn.com/image/upload/f_auto,t_ds_square_w_640,q_50/lsci/db/PICTURES/CMS/320300/320376.png"
South Africa,Anrich Nortje,Right hand Bat,Right arm Fast,Bowler,"https://img1.hscicdn.com/image/upload/f_auto,t_ds_square_w_640,q_50/lsci/db/PICTURES/CMS/322000/322080.png"
South Africa,Lungi Ngidi,Right hand Bat,Right arm Fast medium,Bowler,"https://img1.hscicdn.com/image/upload/f_auto,t_ds_square_w_640,q_50/lsci/db/PICTURES/CMS/322000/322069.png"
Australia,Ashton Agar,Left hand Bat,Slow Left arm Orthodox,Bowler,"https://img1.hscicdn.com/image/upload/f_auto,t_ds_square_w_640,q_50/lsci/db/PICTURES/CMS/321500/321559.png"
Ireland,Fionn Hand,Right hand Bat,Right arm Medium,Bowling Allrounder,"https://img1.hscicdn.com/image/upload/f_auto,t_ds_square_w_640,q_50/lsci/db/PICTURES/CMS/348600/348603.png"
South Africa,Tabraiz Shamsi,Right hand Bat,Left arm Wrist spin,Bowler,"https://img1.hscicdn.com/image/upload/f_auto,t_ds_square_w_640,q_50/lsci/db/PICTURES/CMS/322000/322068.png"
Bangladesh,Mehidy Hasan Miraz,Right hand Bat,Right arm Offbreak,Allrounder,"https://img1.hscicdn.com/image/upload/f_auto,t_ds_square_w_640,q_50/lsci/db/PICTURES/CMS/319700/319728.png"
Zimbabwe,Brad Evans,Right hand Bat,Right arm Fast,Allrounder,"https://img1.hscicdn.com/image/upload/f_auto,t_ds_square_w_640,q_50/lsci/db/PICTURES/CMS/348500/348596.png"
Pakistan,Mohammad Wasim,Right hand Bat,Right arm Fast medium,Allrounder,"https://img1.hscicdn.com/image/upload/f_auto,t_ds_square_w_640,q_50/lsci/db/PICTURES/CMS/322100/322154.png"
New Zealand,Daryl Mitchell,Right hand Bat,Right arm Medium,Batting Allrounder,"https://img1.hscicdn.com/image/upload/f_auto,t_ds_square_w_640,q_50/lsci/db/PICTURES/CMS/321200/321212.png"
Sri Lanka,Kasun Rajitha,Right hand Bat,Right arm Medium fast,Bowler,"https://img1.hscicdn.com/image/upload/f_auto,t_ds_square_w_640,q_50/lsci/db/PICTURES/CMS/322900/322957.png"
Netherlands,Stephan Myburgh,Left hand Bat,Right arm Offbreak,Opening Batter,"https://img1.hscicdn.com/image/upload/f_auto,t_ds_square_w_640,q_50/lsci/db/PICTURES/CMS/322500/322584.png"
Netherlands,Brandon Glover,Right hand Bat,Right arm Fast,Bowler,"https://img1.hscicdn.com/image/upload/f_auto,t_ds_square_w_640,q_50/lsci/db/PICTURES/CMS/325900/325907.png"
Pakistan,Fakhar Zaman,Left hand Bat,Slow Left arm Orthodox,Opening Batter,"https://img1.hscicdn.com/image/upload/f_auto,t_ds_square_w_640,q_50/lsci/db/PICTURES/CMS/320400/320449.png"
India,Deepak Hooda,Right hand Bat,Right arm Offbreak,Allrounder,"https://img1.hscicdn.com/image/upload/f_auto,t_ds_square_w_640,q_50/lsci/db/PICTURES/CMS/345000/345083.png"
Afghanistan,Gulbadin Naib,Right hand Bat,Right arm Medium fast,Batting Allrounder,"https://img1.hscicdn.com/image/upload/f_auto,t_ds_square_w_640,q_50/lsci/db/PICTURES/CMS/316600/316661.png"
Bangladesh,Shoriful Islam,Left hand Bat,Left arm Medium fast,Bowler,"https://img1.hscicdn.com/image/upload/f_auto,t_ds_square_w_640,q_50/lsci/db/PICTURES/CMS/323100/323175.png"
Pakistan,Mohammad Haris,Right hand Bat,Right arm Offbreak,Middle order Batter,
South Africa,Heinrich Klaasen,Right hand Bat,Right arm Offbreak,Wicketkeeper Batter,"https://img1.hscicdn.com/image/upload/f_auto,t_ds_square_w_640,q_50/lsci/db/PICTURES/CMS/322000/322073.png"
Australia,Cameron Green,Right hand Bat,Right arm Fast medium,Batting Allrounder,"https://img1.hscicdn.com/image/upload/f_auto,t_ds_square_w_640,q_50/lsci/db/PICTURES/CMS/321500/321569.png"
Australia,Steven Smith,Right hand Bat,Legbreak Googly,Middle order Batter,"https://img1.hscicdn.com/image/upload/f_auto,t_ds_square_w_640,q_50/lsci/db/PICTURES/CMS/316600/316609.png"
Australia,Kane Richardson,Right hand Bat,Right arm Fast medium,Bowler,"https://img1.hscicdn.com/image/upload/f_auto,t_ds_square_w_640,q_50/lsci/db/PICTURES/CMS/321500/321594.png"
Afghanistan,Darwish Rasooli,Right hand Bat,Right arm Offbreak,Top order Batter,"https://img1.hscicdn.com/image/upload/f_auto,t_h_100_2x/lsci/db/PICTURES/CMS/347800/347833.4.jpg"
Afghanistan,Naveen-ul-Haq,Right hand Bat,Right arm Medium fast,Bowler,"https://img1.hscicdn.com/image/upload/f_auto,t_ds_square_w_640,q_50/lsci/db/PICTURES/CMS/320500/320502.png"
Bangladesh,Nasum Ahmed,Left hand Bat,Slow Left arm Orthodox,Bowler,"https://img1.hscicdn.com/image/upload/f_auto,t_ds_square_w_640,q_50/lsci/db/PICTURES/CMS/323100/323176.png"
Bangladesh,Ebadot Hossain,Right hand Bat,Right arm Fast medium,Bowler,"https://img1.hscicdn.com/image/upload/f_auto,t_ds_square_w_640,q_50/lsci/db/PICTURES/CMS/345000/345078.png"
India,Rishabh Pant,Left hand Bat,,Wicketkeeper Batter,"https://img1.hscicdn.com/image/upload/f_auto,t_ds_square_w_640,q_50/lsci/db/PICTURES/CMS/323000/323036.png"
Zimbabwe,Wellington Masakadza,Left hand Bat,Slow Left arm Orthodox,Bowler,"https://img1.hscicdn.com/image/upload/f_auto,t_ds_square_w_640,q_50/lsci/db/PICTURES/CMS/321400/321492.png"
England,Phil Salt,Right hand Bat,Right arm Offbreak,Wicketkeeper Batter,"https://img1.hscicdn.com/image/upload/f_auto,t_ds_square_w_640,q_50/lsci/db/PICTURES/CMS/324200/324245.png"
England,Chris Jordan,Right hand Bat,Right arm Fast medium,Bowler,"https://img1.hscicdn.com/image/upload/f_auto,t_ds_square_w_640,q_50/lsci/db/PICTURES/CMS/316600/316623.png"
